country_id,state_id,fips,population
US,AL,00001,4903185
US,AL,01001,55869
US,AL,01003,223234
US,AL,01005,24686
US,AL,01007,22394
US,AL,01009,57826
US,AL,01011,10101
US,AL,01013,19448
US,AL,01015,113605
US,AL,01017,33254
US,AL,01019,26196
US,AL,01021,44428
US,AL,01023,12589
US,AL,01025,23622
US,AL,01027,13235
US,AL,01029,14910
US,AL,01031,52342
US,AL,01033,55241
US,AL,01035,12067
US,AL,01037,10663
US,AL,01039,37049
US,AL,01041,13772
US,AL,01043,83768
US,AL,01045,49172
US,AL,01047,37196
US,AL,01049,71513
US,AL,01051,81209
US,AL,01053,36633
US,AL,01055,102268
US,AL,01057,16302
US,AL,01059,31362
US,AL,01061,26271
US,AL,01063,8111
US,AL,01065,14651
US,AL,01067,17205
US,AL,01069,105882
US,AL,01071,51626
US,AL,01073,658573
US,AL,01075,13805
US,AL,01077,92729
US,AL,01079,32924
US,AL,01081,164542
US,AL,01083,98915
US,AL,01085,9726
US,AL,01087,18068
US,AL,01089,372909
US,AL,01091,18863
US,AL,01093,29709
US,AL,01095,96774
US,AL,01097,413210
US,AL,01099,20733
US,AL,01101,226486
US,AL,01103,119679
US,AL,01105,8923
US,AL,01107,19930
US,AL,01109,33114
US,AL,01111,22722
US,AL,01113,57961
US,AL,01115,89512
US,AL,01117,217702
US,AL,01119,12427
US,AL,01121,79978
US,AL,01123,40367
US,AL,01125,209355
US,AL,01127,63521
US,AL,01129,16326
US,AL,01131,10373
US,AL,01133,23629
US,AK,00002,731545
US,AK,02013,3337
US,AK,02016,5634
US,AK,02020,288000
US,AK,02050,18386
US,AK,02060,836
US,AK,02068,2097
US,AK,02070,4916
US,AK,02090,96849
US,AK,02100,2530
US,AK,02105,2148
US,AK,02110,31974
US,AK,02122,58708
US,AK,02130,13901
US,AK,02150,12998
US,AK,02158,8314
US,AK,02164,1592
US,AK,02170,108317
US,AK,02180,10004
US,AK,02185,9832
US,AK,02188,7621
US,AK,02195,3266
US,AK,02198,6203
US,AK,02220,8493
US,AK,02230,1183
US,AK,02240,6893
US,AK,02261,9202
US,AK,02275,2502
US,AK,02282,579
US,AK,02290,5230
US,AZ,00004,7278717
US,AZ,04001,71887
US,AZ,04003,125922
US,AZ,04005,143476
US,AZ,04007,54018
US,AZ,04009,38837
US,AZ,04011,9498
US,AZ,04012,21108
US,AZ,04013,4485414
US,AZ,04015,212181
US,AZ,04017,110924
US,AZ,04019,1047279
US,AZ,04021,462789
US,AZ,04023,46498
US,AZ,04025,235099
US,AZ,04027,213787
US,AR,00005,3017804
US,AR,05001,17486
US,AR,05003,19657
US,AR,05005,41932
US,AR,05007,279141
US,AR,05009,37432
US,AR,05011,10763
US,AR,05013,5189
US,AR,05015,28380
US,AR,05017,10118
US,AR,05019,22320
US,AR,05021,14551
US,AR,05023,24919
US,AR,05025,7956
US,AR,05027,23457
US,AR,05029,20846
US,AR,05031,110332
US,AR,05033,63257
US,AR,05035,47955
US,AR,05037,16419
US,AR,05039,7009
US,AR,05041,11361
US,AR,05043,18219
US,AR,05045,126007
US,AR,05047,17715
US,AR,05049,12477
US,AR,05051,99386
US,AR,05053,18265
US,AR,05055,45325
US,AR,05057,21532
US,AR,05059,33771
US,AR,05061,13202
US,AR,05063,37825
US,AR,05065,13629
US,AR,05067,16719
US,AR,05069,66824
US,AR,05071,26578
US,AR,05073,6624
US,AR,05075,16406
US,AR,05077,8857
US,AR,05079,13024
US,AR,05081,12259
US,AR,05083,21466
US,AR,05085,73309
US,AR,05087,16576
US,AR,05089,16694
US,AR,05091,43257
US,AR,05093,40651
US,AR,05095,6701
US,AR,05097,8986
US,AR,05099,8252
US,AR,05101,7753
US,AR,05103,23382
US,AR,05105,10455
US,AR,05107,17782
US,AR,05109,10718
US,AR,05111,23528
US,AR,05113,19964
US,AR,05115,64072
US,AR,05117,8062
US,AR,05119,391911
US,AR,05121,17958
US,AR,05123,24994
US,AR,05125,122437
US,AR,05127,10281
US,AR,05129,7881
US,AR,05131,127827
US,AR,05133,17007
US,AR,05135,17442
US,AR,05137,12506
US,AR,05139,38682
US,AR,05141,16545
US,AR,05143,239187
US,AR,05145,78753
US,AR,05147,6320
US,AR,05149,21341
US,CA,00006,39512223
US,CA,06001,1671329
US,CA,06003,1129
US,CA,06005,39752
US,CA,06007,219186
US,CA,06009,45905
US,CA,06011,21547
US,CA,06013,1153526
US,CA,06015,27812
US,CA,06017,192843
US,CA,06019,999101
US,CA,06021,28393
US,CA,06023,135558
US,CA,06025,181215
US,CA,06027,18039
US,CA,06029,900202
US,CA,06031,152940
US,CA,06033,64386
US,CA,06035,30573
US,CA,06037,10039107
US,CA,06039,157327
US,CA,06041,258826
US,CA,06043,17203
US,CA,06045,86749
US,CA,06047,277680
US,CA,06049,8841
US,CA,06051,14444
US,CA,06053,434061
US,CA,06055,137744
US,CA,06057,99755
US,CA,06059,3175692
US,CA,06061,398329
US,CA,06063,18807
US,CA,06065,2470546
US,CA,06067,1552058
US,CA,06069,62808
US,CA,06071,2180085
US,CA,06073,3338330
US,CA,06075,881549
US,CA,06077,762148
US,CA,06079,283111
US,CA,06081,766573
US,CA,06083,446499
US,CA,06085,1927852
US,CA,06087,273213
US,CA,06089,180080
US,CA,06091,3005
US,CA,06093,43539
US,CA,06095,447643
US,CA,06097,494336
US,CA,06099,550660
US,CA,06101,96971
US,CA,06103,65084
US,CA,06105,12285
US,CA,06107,466195
US,CA,06109,54478
US,CA,06111,846006
US,CA,06113,220500
US,CA,06115,78668
US,CO,00008,5758736
US,CO,08001,517421
US,CO,08003,16233
US,CO,08005,656590
US,CO,08007,14029
US,CO,08009,3581
US,CO,08011,5577
US,CO,08013,326196
US,CO,08014,70465
US,CO,08015,20356
US,CO,08017,1831
US,CO,08019,9700
US,CO,08021,8205
US,CO,08023,3887
US,CO,08025,6061
US,CO,08027,5068
US,CO,08029,31162
US,CO,08031,727211
US,CO,08033,2055
US,CO,08035,351154
US,CO,08037,55127
US,CO,08039,26729
US,CO,08041,720403
US,CO,08043,47839
US,CO,08045,60061
US,CO,08047,6243
US,CO,08049,15734
US,CO,08051,17462
US,CO,08053,820
US,CO,08055,6897
US,CO,08057,1392
US,CO,08059,582881
US,CO,08061,1406
US,CO,08063,7097
US,CO,08065,8127
US,CO,08067,56221
US,CO,08069,356899
US,CO,08071,14506
US,CO,08073,5701
US,CO,08075,22409
US,CO,08077,154210
US,CO,08079,769
US,CO,08081,13283
US,CO,08083,26183
US,CO,08085,42758
US,CO,08087,29068
US,CO,08089,18278
US,CO,08091,4952
US,CO,08093,18845
US,CO,08095,4265
US,CO,08097,17767
US,CO,08099,12172
US,CO,08101,168424
US,CO,08103,6324
US,CO,08105,11267
US,CO,08107,25638
US,CO,08109,6824
US,CO,08111,728
US,CO,08113,8179
US,CO,08115,2248
US,CO,08117,31011
US,CO,08119,25388
US,CO,08121,4908
US,CO,08123,324492
US,CO,08125,10019
US,CT,00009,3565287
US,CT,09001,943332
US,CT,09003,891720
US,CT,09005,180333
US,CT,09007,162436
US,CT,09009,854757
US,CT,09011,265206
US,CT,09013,150721
US,CT,09015,116782
US,DE,00010,973764
US,DE,10001,180786
US,DE,10003,558753
US,DE,10005,234225
US,DC,00011,705749
US,DC,11001,705749
US,FL,00012,21477737
US,FL,12001,269043
US,FL,12003,29210
US,FL,12005,174705
US,FL,12007,28201
US,FL,12009,601942
US,FL,12011,1952778
US,FL,12013,14105
US,FL,12015,188910
US,FL,12017,149657
US,FL,12019,219252
US,FL,12021,384902
US,FL,12023,71686
US,FL,12027,38001
US,FL,12029,16826
US,FL,12031,957755
US,FL,12033,318316
US,FL,12035,115081
US,FL,12037,12125
US,FL,12039,45660
US,FL,12041,18582
US,FL,12043,13811
US,FL,12045,13639
US,FL,12047,14428
US,FL,12049,26937
US,FL,12051,42022
US,FL,12053,193920
US,FL,12055,106221
US,FL,12057,1471968
US,FL,12059,19617
US,FL,12061,159923
US,FL,12063,46414
US,FL,12065,14246
US,FL,12067,8422
US,FL,12069,367118
US,FL,12071,770577
US,FL,12073,293582
US,FL,12075,41503
US,FL,12077,8354
US,FL,12079,18493
US,FL,12081,403253
US,FL,12083,365579
US,FL,12085,161000
US,FL,12086,2716940
US,FL,12087,74228
US,FL,12089,88625
US,FL,12091,210738
US,FL,12093,42168
US,FL,12095,1393452
US,FL,12097,375751
US,FL,12099,1496770
US,FL,12101,553947
US,FL,12103,974996
US,FL,12105,724777
US,FL,12107,74521
US,FL,12109,264672
US,FL,12111,328297
US,FL,12113,184313
US,FL,12115,433742
US,FL,12117,471826
US,FL,12119,132420
US,FL,12121,44417
US,FL,12123,21569
US,FL,12125,15237
US,FL,12127,553284
US,FL,12129,33739
US,FL,12131,74071
US,FL,12133,25473
US,GA,00013,10617423
US,GA,13001,18386
US,GA,13003,8165
US,GA,13005,11164
US,GA,13007,3038
US,GA,13009,44890
US,GA,13011,19234
US,GA,13013,83240
US,GA,13015,107738
US,GA,13017,16700
US,GA,13019,19397
US,GA,13021,153159
US,GA,13023,12873
US,GA,13025,19109
US,GA,13027,15457
US,GA,13029,39627
US,GA,13031,79608
US,GA,13033,22383
US,GA,13035,24936
US,GA,13037,6189
US,GA,13039,54666
US,GA,13043,10803
US,GA,13045,119992
US,GA,13047,67580
US,GA,13049,13392
US,GA,13051,289430
US,GA,13053,10907
US,GA,13055,24789
US,GA,13057,258773
US,GA,13059,128331
US,GA,13061,2834
US,GA,13063,292256
US,GA,13065,6618
US,GA,13067,760141
US,GA,13069,43273
US,GA,13071,45600
US,GA,13073,156714
US,GA,13075,17270
US,GA,13077,148509
US,GA,13079,12404
US,GA,13081,22372
US,GA,13083,16116
US,GA,13085,26108
US,GA,13087,26404
US,GA,13089,759297
US,GA,13091,20605
US,GA,13093,13390
US,GA,13095,87956
US,GA,13097,146343
US,GA,13099,10190
US,GA,13101,4006
US,GA,13103,64296
US,GA,13105,19194
US,GA,13107,22646
US,GA,13109,10654
US,GA,13111,26188
US,GA,13113,114421
US,GA,13115,98498
US,GA,13117,244252
US,GA,13119,23349
US,GA,13121,1063937
US,GA,13123,31369
US,GA,13125,2971
US,GA,13127,85292
US,GA,13129,57963
US,GA,13131,24633
US,GA,13133,18324
US,GA,13135,936250
US,GA,13137,45328
US,GA,13139,204441
US,GA,13141,8457
US,GA,13143,29792
US,GA,13145,35236
US,GA,13147,26205
US,GA,13149,11923
US,GA,13151,234561
US,GA,13153,157863
US,GA,13155,9416
US,GA,13157,72977
US,GA,13159,14219
US,GA,13161,15115
US,GA,13163,15362
US,GA,13165,8676
US,GA,13167,9643
US,GA,13169,28735
US,GA,13171,19077
US,GA,13173,10423
US,GA,13175,47546
US,GA,13177,29992
US,GA,13179,61435
US,GA,13181,7921
US,GA,13183,19559
US,GA,13185,117406
US,GA,13187,33610
US,GA,13189,21312
US,GA,13191,14378
US,GA,13193,12947
US,GA,13195,29880
US,GA,13197,8359
US,GA,13199,21167
US,GA,13201,5718
US,GA,13205,21863
US,GA,13207,27578
US,GA,13209,9172
US,GA,13211,19276
US,GA,13213,40096
US,GA,13215,195769
US,GA,13217,111744
US,GA,13219,40280
US,GA,13221,15259
US,GA,13223,168667
US,GA,13225,27546
US,GA,13227,32591
US,GA,13229,19465
US,GA,13231,18962
US,GA,13233,42613
US,GA,13235,11137
US,GA,13237,22119
US,GA,13239,2299
US,GA,13241,17137
US,GA,13243,6778
US,GA,13245,202518
US,GA,13247,90896
US,GA,13249,5257
US,GA,13251,13966
US,GA,13253,8090
US,GA,13255,66703
US,GA,13257,25925
US,GA,13259,6621
US,GA,13261,29524
US,GA,13263,6195
US,GA,13265,1537
US,GA,13267,25286
US,GA,13269,8020
US,GA,13271,15860
US,GA,13273,8531
US,GA,13275,44451
US,GA,13277,40644
US,GA,13279,26830
US,GA,13281,12037
US,GA,13283,6901
US,GA,13285,69922
US,GA,13287,7985
US,GA,13289,8120
US,GA,13291,24511
US,GA,13293,26320
US,GA,13295,69761
US,GA,13297,94593
US,GA,13299,35734
US,GA,13301,5254
US,GA,13303,20374
US,GA,13305,29927
US,GA,13307,2607
US,GA,13309,7855
US,GA,13311,30798
US,GA,13313,104628
US,GA,13315,8635
US,GA,13317,9777
US,GA,13319,8954
US,GA,13321,20247
US,HI,00015,1415872
US,HI,15001,201513
US,HI,15003,974563
US,HI,15005,86
US,HI,15007,72293
US,HI,15009,167417
US,ID,00016,1787065
US,ID,16001,481587
US,ID,16003,4294
US,ID,16005,87808
US,ID,16007,6125
US,ID,16009,9298
US,ID,16011,46811
US,ID,16013,23021
US,ID,16015,7831
US,ID,16017,45739
US,ID,16019,119062
US,ID,16021,12245
US,ID,16023,2597
US,ID,16025,1106
US,ID,16027,229849
US,ID,16029,7155
US,ID,16031,24030
US,ID,16033,845
US,ID,16035,8756
US,ID,16037,4315
US,ID,16039,27511
US,ID,16041,13876
US,ID,16043,13099
US,ID,16045,18112
US,ID,16047,15179
US,ID,16049,16667
US,ID,16051,29871
US,ID,16053,24412
US,ID,16055,165697
US,ID,16057,40108
US,ID,16059,8027
US,ID,16061,3838
US,ID,16063,5366
US,ID,16065,39907
US,ID,16067,21039
US,ID,16069,40408
US,ID,16071,4531
US,ID,16073,11823
US,ID,16075,23951
US,ID,16077,7681
US,ID,16079,12882
US,ID,16081,12142
US,ID,16083,86878
US,ID,16085,11392
US,ID,16087,10194
US,IL,00017,12671821
US,IL,17001,65435
US,IL,17003,5761
US,IL,17005,16426
US,IL,17007,53544
US,IL,17009,6578
US,IL,17011,32628
US,IL,17013,4739
US,IL,17015,14305
US,IL,17017,12147
US,IL,17019,209689
US,IL,17021,32304
US,IL,17023,15441
US,IL,17025,13184
US,IL,17027,37562
US,IL,17029,50621
US,IL,17031,5150233
US,IL,17033,18667
US,IL,17035,10766
US,IL,17037,104897
US,IL,17039,15638
US,IL,17041,19465
US,IL,17043,922921
US,IL,17045,17161
US,IL,17047,6395
US,IL,17049,34008
US,IL,17051,21336
US,IL,17053,12961
US,IL,17055,38469
US,IL,17057,34340
US,IL,17059,4828
US,IL,17061,12969
US,IL,17063,51054
US,IL,17065,8116
US,IL,17067,17708
US,IL,17069,3821
US,IL,17071,6646
US,IL,17073,48913
US,IL,17075,27114
US,IL,17077,56750
US,IL,17079,9610
US,IL,17081,37684
US,IL,17083,21773
US,IL,17085,21235
US,IL,17087,12417
US,IL,17089,532403
US,IL,17091,109862
US,IL,17093,128990
US,IL,17095,49699
US,IL,17097,696535
US,IL,17099,108669
US,IL,17101,15678
US,IL,17103,34096
US,IL,17105,35648
US,IL,17107,28618
US,IL,17109,29682
US,IL,17111,307774
US,IL,17113,171517
US,IL,17115,104009
US,IL,17117,44926
US,IL,17119,262966
US,IL,17121,37205
US,IL,17123,11438
US,IL,17125,13359
US,IL,17127,13772
US,IL,17129,12196
US,IL,17131,15437
US,IL,17133,34637
US,IL,17135,28414
US,IL,17137,33658
US,IL,17139,14501
US,IL,17141,50643
US,IL,17143,179179
US,IL,17145,20916
US,IL,17147,16344
US,IL,17149,15561
US,IL,17151,4177
US,IL,17153,5335
US,IL,17155,5739
US,IL,17157,31782
US,IL,17159,15513
US,IL,17161,141879
US,IL,17163,259686
US,IL,17165,23491
US,IL,17167,194672
US,IL,17169,6768
US,IL,17171,4951
US,IL,17173,21634
US,IL,17175,5342
US,IL,17177,44498
US,IL,17179,131803
US,IL,17181,16653
US,IL,17183,75758
US,IL,17185,11520
US,IL,17187,16844
US,IL,17189,13887
US,IL,17191,16215
US,IL,17193,13537
US,IL,17195,55175
US,IL,17197,690743
US,IL,17199,66597
US,IL,17201,282572
US,IL,17203,38459
US,IN,00018,6732219
US,IN,18001,35777
US,IN,18003,379299
US,IN,18005,83779
US,IN,18007,8748
US,IN,18009,11758
US,IN,18011,67843
US,IN,18013,15092
US,IN,18015,20257
US,IN,18017,37689
US,IN,18019,118302
US,IN,18021,26225
US,IN,18023,32399
US,IN,18025,10577
US,IN,18027,33351
US,IN,18029,49458
US,IN,18031,26559
US,IN,18033,43475
US,IN,18035,114135
US,IN,18037,42736
US,IN,18039,206341
US,IN,18041,23102
US,IN,18043,78522
US,IN,18045,16346
US,IN,18047,22758
US,IN,18049,19974
US,IN,18051,33659
US,IN,18053,65769
US,IN,18055,31922
US,IN,18057,338011
US,IN,18059,78168
US,IN,18061,40515
US,IN,18063,170311
US,IN,18065,47972
US,IN,18067,82544
US,IN,18069,36520
US,IN,18071,44231
US,IN,18073,33562
US,IN,18075,20436
US,IN,18077,32308
US,IN,18079,27735
US,IN,18081,158167
US,IN,18083,36594
US,IN,18085,79456
US,IN,18087,39614
US,IN,18089,485493
US,IN,18091,109888
US,IN,18093,45370
US,IN,18095,129569
US,IN,18097,964582
US,IN,18099,46258
US,IN,18101,10255
US,IN,18103,35516
US,IN,18105,148431
US,IN,18107,38338
US,IN,18109,70489
US,IN,18111,13984
US,IN,18113,47744
US,IN,18115,5875
US,IN,18117,19646
US,IN,18119,20799
US,IN,18121,16937
US,IN,18123,19169
US,IN,18125,12389
US,IN,18127,170389
US,IN,18129,25427
US,IN,18131,12353
US,IN,18133,37576
US,IN,18135,24665
US,IN,18137,28324
US,IN,18139,16581
US,IN,18141,271826
US,IN,18143,23873
US,IN,18145,44729
US,IN,18147,20277
US,IN,18149,22995
US,IN,18151,34594
US,IN,18153,20669
US,IN,18155,10751
US,IN,18157,195732
US,IN,18159,15148
US,IN,18161,7054
US,IN,18163,181451
US,IN,18165,15498
US,IN,18167,107038
US,IN,18169,30996
US,IN,18171,8265
US,IN,18173,62998
US,IN,18175,28036
US,IN,18177,65884
US,IN,18179,28296
US,IN,18181,24102
US,IN,18183,33964
US,IA,00019,3155070
US,IA,19001,7152
US,IA,19003,3602
US,IA,19005,13687
US,IA,19007,12426
US,IA,19009,5496
US,IA,19011,25645
US,IA,19013,131228
US,IA,19015,26234
US,IA,19017,25062
US,IA,19019,21175
US,IA,19021,19620
US,IA,19023,14439
US,IA,19025,9668
US,IA,19027,20165
US,IA,19029,12836
US,IA,19031,18627
US,IA,19033,42450
US,IA,19035,11235
US,IA,19037,11933
US,IA,19039,9395
US,IA,19041,16016
US,IA,19043,17549
US,IA,19045,46429
US,IA,19047,16820
US,IA,19049,93453
US,IA,19051,9000
US,IA,19053,7870
US,IA,19055,17011
US,IA,19057,38967
US,IA,19059,17258
US,IA,19061,97311
US,IA,19063,9208
US,IA,19065,19650
US,IA,19067,15642
US,IA,19069,10070
US,IA,19071,6960
US,IA,19073,8888
US,IA,19075,12232
US,IA,19077,10689
US,IA,19079,14773
US,IA,19081,10630
US,IA,19083,16846
US,IA,19085,14049
US,IA,19087,19954
US,IA,19089,9158
US,IA,19091,9558
US,IA,19093,6860
US,IA,19095,16184
US,IA,19097,19439
US,IA,19099,37185
US,IA,19101,18295
US,IA,19103,151140
US,IA,19105,20681
US,IA,19107,10246
US,IA,19109,14813
US,IA,19111,33657
US,IA,19113,226706
US,IA,19115,11035
US,IA,19117,8600
US,IA,19119,11755
US,IA,19121,16338
US,IA,19123,22095
US,IA,19125,33253
US,IA,19127,39369
US,IA,19129,15109
US,IA,19131,10586
US,IA,19133,8615
US,IA,19135,7707
US,IA,19137,9917
US,IA,19139,42664
US,IA,19141,13753
US,IA,19143,5958
US,IA,19145,15107
US,IA,19147,8886
US,IA,19149,25177
US,IA,19151,6619
US,IA,19153,490161
US,IA,19155,93206
US,IA,19157,18504
US,IA,19159,4894
US,IA,19161,9721
US,IA,19163,172943
US,IA,19165,11454
US,IA,19167,34855
US,IA,19169,97117
US,IA,19171,16854
US,IA,19173,6121
US,IA,19175,12241
US,IA,19177,7044
US,IA,19179,34969
US,IA,19181,51466
US,IA,19183,21965
US,IA,19185,6441
US,IA,19187,35904
US,IA,19189,10354
US,IA,19191,19991
US,IA,19193,103107
US,IA,19195,7381
US,IA,19197,12562
US,KS,00020,2913314
US,KS,20001,12369
US,KS,20003,7858
US,KS,20005,16073
US,KS,20007,4427
US,KS,20009,25779
US,KS,20011,14534
US,KS,20013,9564
US,KS,20015,66911
US,KS,20017,2648
US,KS,20019,3250
US,KS,20021,19939
US,KS,20023,2657
US,KS,20025,1994
US,KS,20027,8002
US,KS,20029,8786
US,KS,20031,8179
US,KS,20033,1700
US,KS,20035,34908
US,KS,20037,38818
US,KS,20039,2827
US,KS,20041,18466
US,KS,20043,7600
US,KS,20045,122259
US,KS,20047,2798
US,KS,20049,2530
US,KS,20051,28553
US,KS,20053,6102
US,KS,20055,36467
US,KS,20057,33619
US,KS,20059,25544
US,KS,20061,31670
US,KS,20063,2636
US,KS,20065,2482
US,KS,20067,7150
US,KS,20069,5988
US,KS,20071,1232
US,KS,20073,5982
US,KS,20075,2539
US,KS,20077,5436
US,KS,20079,34429
US,KS,20081,3968
US,KS,20083,1794
US,KS,20085,13171
US,KS,20087,19043
US,KS,20089,2879
US,KS,20091,602401
US,KS,20093,3838
US,KS,20095,7152
US,KS,20097,2475
US,KS,20099,19618
US,KS,20101,1535
US,KS,20103,81758
US,KS,20105,2962
US,KS,20107,9703
US,KS,20109,2794
US,KS,20111,33195
US,KS,20113,28542
US,KS,20115,11884
US,KS,20117,9707
US,KS,20119,4033
US,KS,20121,34237
US,KS,20123,5979
US,KS,20125,31829
US,KS,20127,5620
US,KS,20129,2587
US,KS,20131,10231
US,KS,20133,16007
US,KS,20135,2750
US,KS,20137,5361
US,KS,20139,15949
US,KS,20141,3421
US,KS,20143,5704
US,KS,20145,6414
US,KS,20147,5234
US,KS,20149,24383
US,KS,20151,9164
US,KS,20153,2530
US,KS,20155,61998
US,KS,20157,4636
US,KS,20159,9537
US,KS,20161,74232
US,KS,20163,4920
US,KS,20165,3036
US,KS,20167,6856
US,KS,20169,54224
US,KS,20171,4823
US,KS,20173,516042
US,KS,20175,21428
US,KS,20177,176875
US,KS,20179,2521
US,KS,20181,5917
US,KS,20183,3583
US,KS,20185,4156
US,KS,20187,2006
US,KS,20189,5485
US,KS,20191,22836
US,KS,20193,7777
US,KS,20195,2803
US,KS,20197,6931
US,KS,20199,1518
US,KS,20201,5406
US,KS,20203,2119
US,KS,20205,8525
US,KS,20207,3138
US,KS,20209,165429
US,KY,00021,4467673
US,KY,21001,19202
US,KY,21003,21315
US,KY,21005,22747
US,KY,21007,7888
US,KY,21009,44249
US,KY,21011,12500
US,KY,21013,26032
US,KY,21015,133581
US,KY,21017,19788
US,KY,21019,46718
US,KY,21021,30060
US,KY,21023,8303
US,KY,21025,12630
US,KY,21027,20477
US,KY,21029,81676
US,KY,21031,12879
US,KY,21033,12747
US,KY,21035,39001
US,KY,21037,93584
US,KY,21039,4760
US,KY,21041,10631
US,KY,21043,26797
US,KY,21045,16159
US,KY,21047,70461
US,KY,21049,36263
US,KY,21051,19901
US,KY,21053,10218
US,KY,21055,8806
US,KY,21057,6614
US,KY,21059,101511
US,KY,21061,12150
US,KY,21063,7517
US,KY,21065,14106
US,KY,21067,323152
US,KY,21069,14581
US,KY,21071,35589
US,KY,21073,50991
US,KY,21075,5969
US,KY,21077,8869
US,KY,21079,17666
US,KY,21081,25069
US,KY,21083,37266
US,KY,21085,26427
US,KY,21087,10941
US,KY,21089,35098
US,KY,21091,8722
US,KY,21093,110958
US,KY,21095,26010
US,KY,21097,18886
US,KY,21099,19035
US,KY,21101,45210
US,KY,21103,16126
US,KY,21105,4380
US,KY,21107,44686
US,KY,21109,13329
US,KY,21111,766757
US,KY,21113,54115
US,KY,21115,22188
US,KY,21117,166998
US,KY,21119,14806
US,KY,21121,31145
US,KY,21123,14398
US,KY,21125,60813
US,KY,21127,15317
US,KY,21129,7403
US,KY,21131,9877
US,KY,21133,21553
US,KY,21135,13275
US,KY,21137,24549
US,KY,21139,9194
US,KY,21141,27102
US,KY,21143,8210
US,KY,21145,65418
US,KY,21147,17231
US,KY,21149,9207
US,KY,21151,92987
US,KY,21153,12161
US,KY,21155,19273
US,KY,21157,31100
US,KY,21159,11195
US,KY,21161,17070
US,KY,21163,28572
US,KY,21165,6489
US,KY,21167,21933
US,KY,21169,10071
US,KY,21171,10650
US,KY,21173,28157
US,KY,21175,13309
US,KY,21177,30622
US,KY,21179,46233
US,KY,21181,7269
US,KY,21183,23994
US,KY,21185,66799
US,KY,21187,10901
US,KY,21189,4415
US,KY,21191,14590
US,KY,21193,25758
US,KY,21195,57876
US,KY,21197,12359
US,KY,21199,64979
US,KY,21201,2108
US,KY,21203,16695
US,KY,21205,24460
US,KY,21207,17923
US,KY,21209,57004
US,KY,21211,49024
US,KY,21213,18572
US,KY,21215,19351
US,KY,21217,25769
US,KY,21219,12294
US,KY,21221,14651
US,KY,21223,8471
US,KY,21225,14381
US,KY,21227,132896
US,KY,21229,12095
US,KY,21231,20333
US,KY,21233,12942
US,KY,21235,36264
US,KY,21237,7157
US,KY,21239,26734
US,LA,00022,4648794
US,LA,22001,62045
US,LA,22003,25627
US,LA,22005,126604
US,LA,22007,21891
US,LA,22009,40144
US,LA,22011,37497
US,LA,22013,13241
US,LA,22015,127039
US,LA,22017,240204
US,LA,22019,203436
US,LA,22021,9918
US,LA,22023,6973
US,LA,22025,9494
US,LA,22027,15670
US,LA,22029,19259
US,LA,22031,27463
US,LA,22033,440059
US,LA,22035,6861
US,LA,22037,19135
US,LA,22039,33395
US,LA,22041,20015
US,LA,22043,22389
US,LA,22045,69830
US,LA,22047,32511
US,LA,22049,15744
US,LA,22051,432493
US,LA,22053,31368
US,LA,22055,244390
US,LA,22057,97614
US,LA,22059,14892
US,LA,22061,46742
US,LA,22063,140789
US,LA,22065,10951
US,LA,22067,24874
US,LA,22069,38158
US,LA,22071,390144
US,LA,22073,153279
US,LA,22075,23197
US,LA,22077,21730
US,LA,22079,129648
US,LA,22081,8442
US,LA,22083,20122
US,LA,22085,23884
US,LA,22087,47244
US,LA,22089,53100
US,LA,22091,10132
US,LA,22093,21096
US,LA,22095,42837
US,LA,22097,82124
US,LA,22099,53431
US,LA,22101,49348
US,LA,22103,260419
US,LA,22105,134758
US,LA,22107,4334
US,LA,22109,110461
US,LA,22111,22108
US,LA,22113,59511
US,LA,22115,47429
US,LA,22117,46194
US,LA,22119,38340
US,LA,22121,26465
US,LA,22123,10830
US,LA,22125,15568
US,LA,22127,13904
US,ME,00023,1344212
US,ME,23001,108277
US,ME,23003,67055
US,ME,23005,295003
US,ME,23007,30199
US,ME,23009,54987
US,ME,23011,122302
US,ME,23013,39772
US,ME,23015,34634
US,ME,23017,57975
US,ME,23019,152148
US,ME,23021,16785
US,ME,23023,35856
US,ME,23025,50484
US,ME,23027,39715
US,ME,23029,31379
US,ME,23031,207641
US,MD,00024,6045680
US,MD,24001,70416
US,MD,24003,579234
US,MD,24005,827370
US,MD,24009,92525
US,MD,24011,33406
US,MD,24013,168447
US,MD,24015,102855
US,MD,24017,163257
US,MD,24019,31929
US,MD,24021,259547
US,MD,24023,29014
US,MD,24025,255441
US,MD,24027,325690
US,MD,24029,19422
US,MD,24031,1050688
US,MD,24033,909327
US,MD,24035,50381
US,MD,24037,113510
US,MD,24039,25616
US,MD,24041,37181
US,MD,24043,151049
US,MD,24045,103609
US,MD,24047,52276
US,MD,24510,593490
US,MA,00025,6892503
US,MA,25001,212990
US,MA,25003,124944
US,MA,25005,565217
US,MA,25007,17332
US,MA,25009,789034
US,MA,25011,70180
US,MA,25013,466372
US,MA,25015,160830
US,MA,25017,1611699
US,MA,25019,11399
US,MA,25021,706775
US,MA,25023,521202
US,MA,25025,803907
US,MA,25027,830622
US,MI,00026,9986857
US,MI,26001,10405
US,MI,26003,9108
US,MI,26005,118081
US,MI,26007,28405
US,MI,26009,23324
US,MI,26011,14883
US,MI,26013,8209
US,MI,26015,61550
US,MI,26017,103126
US,MI,26019,17766
US,MI,26021,153401
US,MI,26023,43517
US,MI,26025,134159
US,MI,26027,51787
US,MI,26029,26143
US,MI,26031,25276
US,MI,26033,37349
US,MI,26035,30950
US,MI,26037,79595
US,MI,26039,14029
US,MI,26041,35784
US,MI,26043,25239
US,MI,26045,110268
US,MI,26047,33415
US,MI,26049,405813
US,MI,26051,25449
US,MI,26053,13975
US,MI,26055,93088
US,MI,26057,40711
US,MI,26059,45605
US,MI,26061,35684
US,MI,26063,30981
US,MI,26065,292406
US,MI,26067,64697
US,MI,26069,25127
US,MI,26071,11066
US,MI,26073,69872
US,MI,26075,158510
US,MI,26077,265066
US,MI,26079,18038
US,MI,26081,656955
US,MI,26083,2116
US,MI,26085,11853
US,MI,26087,87607
US,MI,26089,21761
US,MI,26091,98451
US,MI,26093,191995
US,MI,26095,6229
US,MI,26097,10799
US,MI,26099,873972
US,MI,26101,24558
US,MI,26103,66699
US,MI,26105,29144
US,MI,26107,43453
US,MI,26109,22780
US,MI,26111,83156
US,MI,26113,15118
US,MI,26115,150500
US,MI,26117,63888
US,MI,26119,9328
US,MI,26121,173566
US,MI,26123,48980
US,MI,26125,1257584
US,MI,26127,26467
US,MI,26129,20997
US,MI,26131,5720
US,MI,26133,23460
US,MI,26135,8241
US,MI,26137,24668
US,MI,26139,291830
US,MI,26141,12592
US,MI,26143,24019
US,MI,26145,190539
US,MI,26147,159128
US,MI,26149,60964
US,MI,26151,41170
US,MI,26153,8094
US,MI,26155,68122
US,MI,26157,52245
US,MI,26159,75677
US,MI,26161,367601
US,MI,26163,1749343
US,MI,26165,33631
US,MN,00027,5639632
US,MN,27001,15886
US,MN,27003,356921
US,MN,27005,34423
US,MN,27007,47188
US,MN,27009,40889
US,MN,27011,4991
US,MN,27013,67653
US,MN,27015,25008
US,MN,27017,35871
US,MN,27019,105089
US,MN,27021,29779
US,MN,27023,11800
US,MN,27025,56579
US,MN,27027,64222
US,MN,27029,8818
US,MN,27031,5463
US,MN,27033,11196
US,MN,27035,65055
US,MN,27037,429021
US,MN,27039,20934
US,MN,27041,38141
US,MN,27043,13653
US,MN,27045,21067
US,MN,27047,30281
US,MN,27049,46340
US,MN,27051,5972
US,MN,27053,1265843
US,MN,27055,18600
US,MN,27057,21491
US,MN,27059,40596
US,MN,27061,45130
US,MN,27063,9846
US,MN,27065,16337
US,MN,27067,43199
US,MN,27069,4298
US,MN,27071,12229
US,MN,27073,6623
US,MN,27075,10641
US,MN,27077,3740
US,MN,27079,28887
US,MN,27081,5639
US,MN,27083,25474
US,MN,27085,35893
US,MN,27087,5527
US,MN,27089,9336
US,MN,27091,19683
US,MN,27093,23222
US,MN,27095,26277
US,MN,27097,33386
US,MN,27099,40062
US,MN,27101,8194
US,MN,27103,34274
US,MN,27105,21629
US,MN,27107,6375
US,MN,27109,158293
US,MN,27111,58746
US,MN,27113,14119
US,MN,27115,29579
US,MN,27117,9126
US,MN,27119,31364
US,MN,27121,11249
US,MN,27123,550321
US,MN,27125,4055
US,MN,27127,15170
US,MN,27129,14548
US,MN,27131,66972
US,MN,27133,9315
US,MN,27135,15165
US,MN,27137,199070
US,MN,27139,149013
US,MN,27141,97238
US,MN,27143,14865
US,MN,27145,161075
US,MN,27147,36649
US,MN,27149,9805
US,MN,27151,9266
US,MN,27153,24664
US,MN,27155,3259
US,MN,27157,21627
US,MN,27159,13682
US,MN,27161,18612
US,MN,27163,262440
US,MN,27165,10897
US,MN,27167,6207
US,MN,27169,50484
US,MN,27171,138377
US,MN,27173,9709
US,MS,00028,2976149
US,MS,28001,30693
US,MS,28003,36953
US,MS,28005,12297
US,MS,28007,18174
US,MS,28009,8259
US,MS,28011,30628
US,MS,28013,14361
US,MS,28015,9947
US,MS,28017,17103
US,MS,28019,8210
US,MS,28021,8988
US,MS,28023,15541
US,MS,28025,19316
US,MS,28027,22124
US,MS,28029,28065
US,MS,28031,18636
US,MS,28033,184945
US,MS,28035,74897
US,MS,28037,7713
US,MS,28039,24500
US,MS,28041,13586
US,MS,28043,20758
US,MS,28045,47632
US,MS,28047,208080
US,MS,28049,231840
US,MS,28051,17010
US,MS,28053,8064
US,MS,28055,1327
US,MS,28057,23390
US,MS,28059,143617
US,MS,28061,16383
US,MS,28063,6990
US,MS,28065,11128
US,MS,28067,68098
US,MS,28069,9742
US,MS,28071,54019
US,MS,28073,63343
US,MS,28075,74125
US,MS,28077,12586
US,MS,28079,22786
US,MS,28081,85436
US,MS,28083,28183
US,MS,28085,34153
US,MS,28087,58595
US,MS,28089,106272
US,MS,28091,24573
US,MS,28093,35294
US,MS,28095,35252
US,MS,28097,9775
US,MS,28099,29118
US,MS,28101,21018
US,MS,28103,10417
US,MS,28105,49587
US,MS,28107,34192
US,MS,28109,55535
US,MS,28111,11973
US,MS,28113,39288
US,MS,28115,32174
US,MS,28117,25126
US,MS,28119,6792
US,MS,28121,155271
US,MS,28123,28124
US,MS,28125,4321
US,MS,28127,26658
US,MS,28129,15916
US,MS,28131,18336
US,MS,28133,25110
US,MS,28135,13809
US,MS,28137,28321
US,MS,28139,22015
US,MS,28141,19383
US,MS,28143,9632
US,MS,28145,28815
US,MS,28147,14286
US,MS,28149,45381
US,MS,28151,43909
US,MS,28153,20183
US,MS,28155,9689
US,MS,28157,8630
US,MS,28159,17955
US,MS,28161,12108
US,MS,28163,29690
US,MO,00029,6137428
US,MO,29001,25343
US,MO,29003,17712
US,MO,29005,5143
US,MO,29007,25388
US,MO,29009,35789
US,MO,29011,11754
US,MO,29013,16172
US,MO,29015,19443
US,MO,29017,12133
US,MO,29019,180463
US,MO,29021,87364
US,MO,29023,42478
US,MO,29025,9020
US,MO,29027,44743
US,MO,29029,46305
US,MO,29031,78871
US,MO,29033,8679
US,MO,29035,5982
US,MO,29037,105780
US,MO,29039,14349
US,MO,29041,7426
US,MO,29043,88595
US,MO,29045,6797
US,MO,29047,249948
US,MO,29049,20387
US,MO,29051,76745
US,MO,29053,17709
US,MO,29055,23920
US,MO,29057,7561
US,MO,29059,16878
US,MO,29061,8278
US,MO,29063,12547
US,MO,29065,15573
US,MO,29067,13185
US,MO,29069,29131
US,MO,29071,103967
US,MO,29073,14706
US,MO,29075,6571
US,MO,29077,293086
US,MO,29079,9850
US,MO,29081,8352
US,MO,29083,21824
US,MO,29085,9544
US,MO,29087,4403
US,MO,29089,10001
US,MO,29091,40117
US,MO,29093,10125
US,MO,29095,703011
US,MO,29097,121328
US,MO,29099,225081
US,MO,29101,54062
US,MO,29103,3959
US,MO,29105,35723
US,MO,29107,32708
US,MO,29109,38355
US,MO,29111,9776
US,MO,29113,59013
US,MO,29115,11920
US,MO,29117,15227
US,MO,29119,22837
US,MO,29121,15117
US,MO,29123,12088
US,MO,29125,8697
US,MO,29127,28530
US,MO,29129,3617
US,MO,29131,25619
US,MO,29133,13180
US,MO,29135,16132
US,MO,29137,8644
US,MO,29139,11551
US,MO,29141,20627
US,MO,29143,17076
US,MO,29145,58236
US,MO,29147,22092
US,MO,29149,10529
US,MO,29151,13615
US,MO,29153,9174
US,MO,29155,15805
US,MO,29157,19136
US,MO,29159,42339
US,MO,29161,44573
US,MO,29163,18302
US,MO,29165,104418
US,MO,29167,32149
US,MO,29169,52607
US,MO,29171,4696
US,MO,29173,10309
US,MO,29175,24748
US,MO,29177,23018
US,MO,29179,6270
US,MO,29181,13288
US,MO,29183,402022
US,MO,29185,9397
US,MO,29186,17894
US,MO,29187,67215
US,MO,29189,994205
US,MO,29195,22761
US,MO,29197,4660
US,MO,29199,4902
US,MO,29201,38280
US,MO,29203,8166
US,MO,29205,5930
US,MO,29207,29025
US,MO,29209,31952
US,MO,29211,6089
US,MO,29213,55928
US,MO,29215,25398
US,MO,29217,20563
US,MO,29219,35649
US,MO,29221,24730
US,MO,29223,12873
US,MO,29225,39592
US,MO,29227,2013
US,MO,29229,18289
US,MO,29510,300576
US,MT,00030,1068778
US,MT,30001,9453
US,MT,30003,13319
US,MT,30005,6681
US,MT,30007,6237
US,MT,30009,10725
US,MT,30011,1252
US,MT,30013,81366
US,MT,30015,5635
US,MT,30017,11402
US,MT,30019,1690
US,MT,30021,8613
US,MT,30023,9140
US,MT,30025,2846
US,MT,30027,11050
US,MT,30029,103806
US,MT,30031,114434
US,MT,30033,1258
US,MT,30035,13753
US,MT,30037,821
US,MT,30039,3379
US,MT,30041,16484
US,MT,30043,12221
US,MT,30045,2007
US,MT,30047,30458
US,MT,30049,69432
US,MT,30051,2337
US,MT,30053,19980
US,MT,30055,1664
US,MT,30057,8600
US,MT,30059,1862
US,MT,30061,4397
US,MT,30063,119600
US,MT,30065,4633
US,MT,30067,16606
US,MT,30069,487
US,MT,30071,3954
US,MT,30073,5911
US,MT,30075,1682
US,MT,30077,6890
US,MT,30079,1077
US,MT,30081,43806
US,MT,30083,10803
US,MT,30085,11004
US,MT,30087,8937
US,MT,30089,12113
US,MT,30091,3309
US,MT,30093,34915
US,MT,30095,9642
US,MT,30097,3737
US,MT,30099,6147
US,MT,30101,4736
US,MT,30103,696
US,MT,30105,7396
US,MT,30107,2126
US,MT,30109,969
US,MT,30111,161300
US,NE,00031,1934408
US,NE,31001,31363
US,NE,31003,6298
US,NE,31005,463
US,NE,31007,745
US,NE,31009,465
US,NE,31011,5192
US,NE,31013,10783
US,NE,31015,1919
US,NE,31017,2955
US,NE,31019,49659
US,NE,31021,6459
US,NE,31023,8016
US,NE,31025,26248
US,NE,31027,8402
US,NE,31029,3924
US,NE,31031,5689
US,NE,31033,8910
US,NE,31035,6203
US,NE,31037,10709
US,NE,31039,8846
US,NE,31041,10777
US,NE,31043,20026
US,NE,31045,8589
US,NE,31047,23595
US,NE,31049,1794
US,NE,31051,5636
US,NE,31053,36565
US,NE,31055,571327
US,NE,31057,1693
US,NE,31059,5462
US,NE,31061,2979
US,NE,31063,2627
US,NE,31065,4676
US,NE,31067,21513
US,NE,31069,1837
US,NE,31071,1969
US,NE,31073,1990
US,NE,31075,623
US,NE,31077,2356
US,NE,31079,61353
US,NE,31081,9324
US,NE,31083,3380
US,NE,31085,922
US,NE,31087,2762
US,NE,31089,10067
US,NE,31091,682
US,NE,31093,6445
US,NE,31095,7046
US,NE,31097,5071
US,NE,31099,6495
US,NE,31101,8034
US,NE,31103,806
US,NE,31105,3632
US,NE,31107,8332
US,NE,31109,319090
US,NE,31111,34914
US,NE,31113,748
US,NE,31115,664
US,NE,31117,494
US,NE,31119,35099
US,NE,31121,7755
US,NE,31123,4642
US,NE,31125,3519
US,NE,31127,6972
US,NE,31129,4148
US,NE,31131,16012
US,NE,31133,2613
US,NE,31135,2891
US,NE,31137,9034
US,NE,31139,7148
US,NE,31141,33470
US,NE,31143,5213
US,NE,31145,10724
US,NE,31147,7865
US,NE,31149,1357
US,NE,31151,14224
US,NE,31153,187196
US,NE,31155,21578
US,NE,31157,35618
US,NE,31159,17284
US,NE,31161,5246
US,NE,31163,3001
US,NE,31165,1166
US,NE,31167,5920
US,NE,31169,5003
US,NE,31171,722
US,NE,31173,7224
US,NE,31175,4158
US,NE,31177,20729
US,NE,31179,9385
US,NE,31181,3487
US,NE,31183,783
US,NE,31185,13679
US,NV,00032,3080156
US,NV,32001,24909
US,NV,32003,2266715
US,NV,32005,48905
US,NV,32007,52778
US,NV,32009,873
US,NV,32011,2029
US,NV,32013,16831
US,NV,32015,5532
US,NV,32017,5183
US,NV,32019,57510
US,NV,32021,4505
US,NV,32023,46523
US,NV,32027,6725
US,NV,32029,4123
US,NV,32031,471519
US,NV,32033,9580
US,NV,32510,55916
US,NH,00033,1359711
US,NH,33001,61303
US,NH,33003,48910
US,NH,33005,76085
US,NH,33007,31563
US,NH,33009,89886
US,NH,33011,417025
US,NH,33013,151391
US,NH,33015,309769
US,NH,33017,130633
US,NH,33019,43146
US,NJ,00034,8882190
US,NJ,34001,263670
US,NJ,34003,932202
US,NJ,34005,445349
US,NJ,34007,506471
US,NJ,34009,92039
US,NJ,34011,149527
US,NJ,34013,798975
US,NJ,34015,291636
US,NJ,34017,672391
US,NJ,34019,124371
US,NJ,34021,367430
US,NJ,34023,825062
US,NJ,34025,618795
US,NJ,34027,491845
US,NJ,34029,607186
US,NJ,34031,501826
US,NJ,34033,62385
US,NJ,34035,328934
US,NJ,34037,140488
US,NJ,34039,556341
US,NJ,34041,105267
US,NM,00035,2096829
US,NM,35001,679121
US,NM,35003,3527
US,NM,35005,64615
US,NM,35006,26675
US,NM,35007,11941
US,NM,35009,48954
US,NM,35011,1748
US,NM,35013,218195
US,NM,35015,58460
US,NM,35017,26998
US,NM,35019,4300
US,NM,35021,625
US,NM,35023,4198
US,NM,35025,71070
US,NM,35027,19572
US,NM,35028,19369
US,NM,35029,23709
US,NM,35031,71367
US,NM,35033,4521
US,NM,35035,67490
US,NM,35037,8253
US,NM,35039,38921
US,NM,35041,18500
US,NM,35043,146748
US,NM,35045,123958
US,NM,35047,27277
US,NM,35049,150358
US,NM,35051,10791
US,NM,35053,16637
US,NM,35055,32723
US,NM,35057,15461
US,NM,35059,4059
US,NM,35061,76688
US,NY,00036,19453561
US,NY,36001,305506
US,NY,36003,46091
US,NY,36005,1418207
US,NY,36007,190488
US,NY,36009,76117
US,NY,36011,76576
US,NY,36013,126903
US,NY,36015,83456
US,NY,36017,47207
US,NY,36019,80485
US,NY,36021,59461
US,NY,36023,47581
US,NY,36025,44135
US,NY,36027,294218
US,NY,36029,918702
US,NY,36031,36885
US,NY,36033,50022
US,NY,36035,53383
US,NY,36037,57280
US,NY,36039,47188
US,NY,36041,4416
US,NY,36043,61319
US,NY,36045,109834
US,NY,36047,2559903
US,NY,36049,26296
US,NY,36051,62914
US,NY,36053,70941
US,NY,36055,741770
US,NY,36057,49221
US,NY,36059,1356924
US,NY,36061,1628706
US,NY,36063,209281
US,NY,36065,228671
US,NY,36067,460528
US,NY,36069,109777
US,NY,36071,384940
US,NY,36073,40352
US,NY,36075,117124
US,NY,36077,59493
US,NY,36079,98320
US,NY,36081,2253858
US,NY,36083,158714
US,NY,36085,476143
US,NY,36087,325789
US,NY,36089,107740
US,NY,36091,229863
US,NY,36093,155299
US,NY,36095,30999
US,NY,36097,17807
US,NY,36099,34016
US,NY,36101,95379
US,NY,36103,1476601
US,NY,36105,75432
US,NY,36107,48203
US,NY,36109,102180
US,NY,36111,177573
US,NY,36113,63944
US,NY,36115,61204
US,NY,36117,89918
US,NY,36119,967506
US,NY,36121,39859
US,NY,36123,24913
US,NC,00037,10488084
US,NC,37001,169509
US,NC,37003,37497
US,NC,37005,11137
US,NC,37007,24446
US,NC,37009,27203
US,NC,37011,17557
US,NC,37013,46994
US,NC,37015,18947
US,NC,37017,32722
US,NC,37019,142820
US,NC,37021,261191
US,NC,37023,90485
US,NC,37025,216453
US,NC,37027,82178
US,NC,37029,10867
US,NC,37031,69473
US,NC,37033,22604
US,NC,37035,159551
US,NC,37037,74470
US,NC,37039,28612
US,NC,37041,13943
US,NC,37043,11231
US,NC,37045,97947
US,NC,37047,55508
US,NC,37049,102139
US,NC,37051,335509
US,NC,37053,27763
US,NC,37055,37009
US,NC,37057,167609
US,NC,37059,42846
US,NC,37061,58741
US,NC,37063,321488
US,NC,37065,51472
US,NC,37067,382295
US,NC,37069,69685
US,NC,37071,224529
US,NC,37073,11562
US,NC,37075,8441
US,NC,37077,60443
US,NC,37079,21069
US,NC,37081,537174
US,NC,37083,50010
US,NC,37085,135976
US,NC,37087,62317
US,NC,37089,117417
US,NC,37091,23677
US,NC,37093,55234
US,NC,37095,4937
US,NC,37097,181806
US,NC,37099,43938
US,NC,37101,209339
US,NC,37103,9419
US,NC,37105,61779
US,NC,37107,55949
US,NC,37109,86111
US,NC,37111,45756
US,NC,37113,35858
US,NC,37115,21755
US,NC,37117,22440
US,NC,37119,1110356
US,NC,37121,14964
US,NC,37123,27173
US,NC,37125,100880
US,NC,37127,94298
US,NC,37129,234473
US,NC,37131,19483
US,NC,37133,197938
US,NC,37135,148476
US,NC,37137,12726
US,NC,37139,39824
US,NC,37141,63060
US,NC,37143,13463
US,NC,37145,39490
US,NC,37147,180742
US,NC,37149,20724
US,NC,37151,143667
US,NC,37153,44829
US,NC,37155,130625
US,NC,37157,91010
US,NC,37159,142088
US,NC,37161,67029
US,NC,37163,63531
US,NC,37165,34823
US,NC,37167,62806
US,NC,37169,45591
US,NC,37171,71783
US,NC,37173,14271
US,NC,37175,34385
US,NC,37177,4016
US,NC,37179,239859
US,NC,37181,44535
US,NC,37183,1111761
US,NC,37185,19731
US,NC,37187,11580
US,NC,37189,56177
US,NC,37191,123131
US,NC,37193,68412
US,NC,37195,81801
US,NC,37197,37667
US,NC,37199,18069
US,ND,00038,762062
US,ND,38001,2216
US,ND,38003,10415
US,ND,38005,6832
US,ND,38007,928
US,ND,38009,6282
US,ND,38011,3024
US,ND,38013,2115
US,ND,38015,95626
US,ND,38017,181923
US,ND,38019,3762
US,ND,38021,4872
US,ND,38023,2264
US,ND,38025,4424
US,ND,38027,2287
US,ND,38029,3241
US,ND,38031,3210
US,ND,38033,1761
US,ND,38035,69451
US,ND,38037,2274
US,ND,38039,2231
US,ND,38041,2499
US,ND,38043,2480
US,ND,38045,4046
US,ND,38047,1850
US,ND,38049,5745
US,ND,38051,2497
US,ND,38053,15024
US,ND,38055,9450
US,ND,38057,8187
US,ND,38059,31364
US,ND,38061,10545
US,ND,38063,2879
US,ND,38065,1959
US,ND,38067,6801
US,ND,38069,3975
US,ND,38071,11519
US,ND,38073,5218
US,ND,38075,2327
US,ND,38077,16177
US,ND,38079,14176
US,ND,38081,3898
US,ND,38083,1315
US,ND,38085,4230
US,ND,38087,750
US,ND,38089,31489
US,ND,38091,1890
US,ND,38093,20704
US,ND,38095,2189
US,ND,38097,8036
US,ND,38099,10641
US,ND,38101,67641
US,ND,38103,3834
US,ND,38105,37589
US,OH,00039,11689100
US,OH,39001,27698
US,OH,39003,102351
US,OH,39005,53484
US,OH,39007,97241
US,OH,39009,65327
US,OH,39011,45656
US,OH,39013,67006
US,OH,39015,43432
US,OH,39017,383134
US,OH,39019,26914
US,OH,39021,38885
US,OH,39023,134083
US,OH,39025,206428
US,OH,39027,41968
US,OH,39029,101883
US,OH,39031,36600
US,OH,39033,41494
US,OH,39035,1235072
US,OH,39037,51113
US,OH,39039,38087
US,OH,39041,209177
US,OH,39043,74266
US,OH,39045,157574
US,OH,39047,28525
US,OH,39049,1316756
US,OH,39051,42126
US,OH,39053,29898
US,OH,39055,93649
US,OH,39057,168937
US,OH,39059,38875
US,OH,39061,817473
US,OH,39063,75783
US,OH,39065,31365
US,OH,39067,15040
US,OH,39069,27006
US,OH,39071,43161
US,OH,39073,28264
US,OH,39075,43960
US,OH,39077,58266
US,OH,39079,32413
US,OH,39081,65325
US,OH,39083,62322
US,OH,39085,230149
US,OH,39087,59463
US,OH,39089,176862
US,OH,39091,45672
US,OH,39093,309833
US,OH,39095,428348
US,OH,39097,44731
US,OH,39099,228683
US,OH,39101,65093
US,OH,39103,179746
US,OH,39105,22907
US,OH,39107,41172
US,OH,39109,106987
US,OH,39111,13654
US,OH,39113,531687
US,OH,39115,14508
US,OH,39117,35328
US,OH,39119,86215
US,OH,39121,14424
US,OH,39123,40525
US,OH,39125,18672
US,OH,39127,36134
US,OH,39129,58457
US,OH,39131,27772
US,OH,39133,162466
US,OH,39135,40882
US,OH,39137,33861
US,OH,39139,121154
US,OH,39141,76666
US,OH,39143,58518
US,OH,39145,75314
US,OH,39147,55178
US,OH,39149,48590
US,OH,39151,370606
US,OH,39153,541013
US,OH,39155,197974
US,OH,39157,91987
US,OH,39159,58988
US,OH,39161,28275
US,OH,39163,13085
US,OH,39165,234602
US,OH,39167,59911
US,OH,39169,115710
US,OH,39171,36692
US,OH,39173,130817
US,OH,39175,21772
US,OK,00040,3956971
US,OK,40001,22194
US,OK,40003,5702
US,OK,40005,13758
US,OK,40007,5311
US,OK,40009,21859
US,OK,40011,9429
US,OK,40013,47995
US,OK,40015,28762
US,OK,40017,148306
US,OK,40019,48111
US,OK,40021,48657
US,OK,40023,14672
US,OK,40025,2137
US,OK,40027,284014
US,OK,40029,5495
US,OK,40031,120749
US,OK,40033,5666
US,OK,40035,14142
US,OK,40037,71522
US,OK,40039,29003
US,OK,40041,43009
US,OK,40043,4891
US,OK,40045,3859
US,OK,40047,61056
US,OK,40049,27711
US,OK,40051,55834
US,OK,40053,4333
US,OK,40055,5712
US,OK,40057,2653
US,OK,40059,3688
US,OK,40061,12627
US,OK,40063,13279
US,OK,40065,24530
US,OK,40067,6002
US,OK,40069,11085
US,OK,40071,43538
US,OK,40073,15765
US,OK,40075,8708
US,OK,40077,10073
US,OK,40079,49853
US,OK,40081,34877
US,OK,40083,48011
US,OK,40085,10253
US,OK,40087,40474
US,OK,40089,32832
US,OK,40091,19596
US,OK,40093,7629
US,OK,40095,16931
US,OK,40097,41100
US,OK,40099,14073
US,OK,40101,67997
US,OK,40103,11131
US,OK,40105,10076
US,OK,40107,11993
US,OK,40109,797434
US,OK,40111,38465
US,OK,40113,46963
US,OK,40115,31127
US,OK,40117,16376
US,OK,40119,81784
US,OK,40121,43654
US,OK,40123,38284
US,OK,40125,72592
US,OK,40127,11096
US,OK,40129,3583
US,OK,40131,92459
US,OK,40133,24258
US,OK,40135,41569
US,OK,40137,43143
US,OK,40139,19983
US,OK,40141,7250
US,OK,40143,651552
US,OK,40145,81289
US,OK,40147,51527
US,OK,40149,10916
US,OK,40151,8793
US,OK,40153,20211
US,OR,00041,4217737
US,OR,41001,16124
US,OR,41003,93053
US,OR,41005,418187
US,OR,41007,40224
US,OR,41009,52354
US,OR,41011,64487
US,OR,41013,24404
US,OR,41015,22925
US,OR,41017,197692
US,OR,41019,110980
US,OR,41021,1912
US,OR,41023,7199
US,OR,41025,7393
US,OR,41027,23382
US,OR,41029,220944
US,OR,41031,24658
US,OR,41033,87487
US,OR,41035,68238
US,OR,41037,7869
US,OR,41039,382067
US,OR,41041,49962
US,OR,41043,129749
US,OR,41045,30571
US,OR,41047,347818
US,OR,41049,11603
US,OR,41051,812855
US,OR,41053,86085
US,OR,41055,1780
US,OR,41057,27036
US,OR,41059,77950
US,OR,41061,26835
US,OR,41063,7208
US,OR,41065,26682
US,OR,41067,601592
US,OR,41069,1332
US,OR,41071,107100
US,PA,00042,12801989
US,PA,42001,103009
US,PA,42003,1216045
US,PA,42005,64735
US,PA,42007,163929
US,PA,42009,47888
US,PA,42011,421164
US,PA,42013,121829
US,PA,42015,60323
US,PA,42017,628270
US,PA,42019,187853
US,PA,42021,130192
US,PA,42023,4447
US,PA,42025,64182
US,PA,42027,162385
US,PA,42029,524989
US,PA,42031,38438
US,PA,42033,79255
US,PA,42035,38632
US,PA,42037,64964
US,PA,42039,84629
US,PA,42041,253370
US,PA,42043,278299
US,PA,42045,566747
US,PA,42047,29910
US,PA,42049,269728
US,PA,42051,129274
US,PA,42053,7247
US,PA,42055,155027
US,PA,42057,14530
US,PA,42059,36233
US,PA,42061,45144
US,PA,42063,84073
US,PA,42065,43425
US,PA,42067,24763
US,PA,42069,209674
US,PA,42071,545724
US,PA,42073,85512
US,PA,42075,141793
US,PA,42077,369318
US,PA,42079,317417
US,PA,42081,113299
US,PA,42083,40625
US,PA,42085,109424
US,PA,42087,46138
US,PA,42089,170271
US,PA,42091,830915
US,PA,42093,18230
US,PA,42095,305285
US,PA,42097,90843
US,PA,42099,46272
US,PA,42101,1584064
US,PA,42103,55809
US,PA,42105,16526
US,PA,42107,141359
US,PA,42109,40372
US,PA,42111,73447
US,PA,42113,6066
US,PA,42115,40328
US,PA,42117,40591
US,PA,42119,44923
US,PA,42121,50668
US,PA,42123,39191
US,PA,42125,206865
US,PA,42127,51361
US,PA,42129,348899
US,PA,42131,26794
US,PA,42133,449058
US,RI,00044,1059361
US,RI,44001,48479
US,RI,44003,164292
US,RI,44005,82082
US,RI,44007,638931
US,RI,44009,125577
US,SC,00045,5148714
US,SC,45001,24527
US,SC,45003,170872
US,SC,45005,8688
US,SC,45007,202558
US,SC,45009,14066
US,SC,45011,20866
US,SC,45013,192122
US,SC,45015,227907
US,SC,45017,14553
US,SC,45019,411406
US,SC,45021,57300
US,SC,45023,32244
US,SC,45025,45650
US,SC,45027,33745
US,SC,45029,37677
US,SC,45031,66618
US,SC,45033,30479
US,SC,45035,162809
US,SC,45037,27260
US,SC,45039,22347
US,SC,45041,138293
US,SC,45043,62680
US,SC,45045,523542
US,SC,45047,70811
US,SC,45049,19222
US,SC,45051,354081
US,SC,45053,30073
US,SC,45055,66551
US,SC,45057,98012
US,SC,45059,67493
US,SC,45061,16828
US,SC,45063,298750
US,SC,45065,9463
US,SC,45067,30657
US,SC,45069,26118
US,SC,45071,38440
US,SC,45073,79546
US,SC,45075,86175
US,SC,45077,126884
US,SC,45079,415759
US,SC,45081,20473
US,SC,45083,319785
US,SC,45085,106721
US,SC,45087,27316
US,SC,45089,30368
US,SC,45091,280979
US,SD,00046,884659
US,SD,46003,2751
US,SD,46005,18453
US,SD,46007,3365
US,SD,46009,6901
US,SD,46011,35077
US,SD,46013,38839
US,SD,46015,5297
US,SD,46017,1962
US,SD,46019,10429
US,SD,46021,1376
US,SD,46023,9292
US,SD,46025,3736
US,SD,46027,14070
US,SD,46029,28009
US,SD,46031,4086
US,SD,46033,8972
US,SD,46035,19775
US,SD,46037,5424
US,SD,46039,4351
US,SD,46041,5892
US,SD,46043,2921
US,SD,46045,3829
US,SD,46047,6713
US,SD,46049,2299
US,SD,46051,7052
US,SD,46053,4185
US,SD,46055,1899
US,SD,46057,6164
US,SD,46059,3191
US,SD,46061,3453
US,SD,46063,1298
US,SD,46065,17526
US,SD,46067,7291
US,SD,46069,1301
US,SD,46071,3344
US,SD,46073,2013
US,SD,46075,903
US,SD,46077,4939
US,SD,46079,12797
US,SD,46081,25844
US,SD,46083,61128
US,SD,46085,3781
US,SD,46087,5586
US,SD,46089,2379
US,SD,46091,4935
US,SD,46093,28332
US,SD,46095,2061
US,SD,46097,2216
US,SD,46099,193134
US,SD,46101,6576
US,SD,46102,14177
US,SD,46103,113775
US,SD,46105,2865
US,SD,46107,2153
US,SD,46109,10394
US,SD,46111,2344
US,SD,46115,6376
US,SD,46117,3098
US,SD,46119,1391
US,SD,46121,10177
US,SD,46123,5441
US,SD,46125,8384
US,SD,46127,15932
US,SD,46129,5435
US,SD,46135,22814
US,SD,46137,2756
US,TN,00047,6829174
US,TN,47001,76978
US,TN,47003,49713
US,TN,47005,16160
US,TN,47007,15064
US,TN,47009,133088
US,TN,47011,108110
US,TN,47013,39842
US,TN,47015,14678
US,TN,47017,27767
US,TN,47019,56391
US,TN,47021,40667
US,TN,47023,17297
US,TN,47025,31959
US,TN,47027,7615
US,TN,47029,36004
US,TN,47031,56520
US,TN,47033,14230
US,TN,47035,60520
US,TN,47037,694144
US,TN,47039,11663
US,TN,47041,20490
US,TN,47043,53948
US,TN,47045,37159
US,TN,47047,41133
US,TN,47049,18523
US,TN,47051,42208
US,TN,47053,49133
US,TN,47055,29464
US,TN,47057,23320
US,TN,47059,69069
US,TN,47061,13427
US,TN,47063,64934
US,TN,47065,367804
US,TN,47067,6620
US,TN,47069,25050
US,TN,47071,25652
US,TN,47073,56786
US,TN,47075,17304
US,TN,47077,28117
US,TN,47079,32345
US,TN,47081,25178
US,TN,47083,8201
US,TN,47085,18582
US,TN,47087,11786
US,TN,47089,54495
US,TN,47091,17788
US,TN,47093,470313
US,TN,47095,7016
US,TN,47097,25633
US,TN,47099,44142
US,TN,47101,12268
US,TN,47103,34366
US,TN,47105,54068
US,TN,47107,53794
US,TN,47109,25694
US,TN,47111,24602
US,TN,47113,97984
US,TN,47115,28907
US,TN,47117,34375
US,TN,47119,96387
US,TN,47121,12422
US,TN,47123,46545
US,TN,47125,208993
US,TN,47127,6488
US,TN,47129,21403
US,TN,47131,30069
US,TN,47133,22241
US,TN,47135,8076
US,TN,47137,5048
US,TN,47139,16832
US,TN,47141,80245
US,TN,47143,33167
US,TN,47145,53382
US,TN,47147,71813
US,TN,47149,332285
US,TN,47151,22068
US,TN,47153,15026
US,TN,47155,98250
US,TN,47157,937166
US,TN,47159,20157
US,TN,47161,13715
US,TN,47163,158348
US,TN,47165,191283
US,TN,47167,61599
US,TN,47169,11284
US,TN,47171,17883
US,TN,47173,19972
US,TN,47175,5872
US,TN,47177,41277
US,TN,47179,129375
US,TN,47181,16673
US,TN,47183,33328
US,TN,47185,27345
US,TN,47187,238412
US,TN,47189,144657
US,TX,00048,28995881
US,TX,48001,57735
US,TX,48003,18705
US,TX,48005,86715
US,TX,48007,23510
US,TX,48009,8553
US,TX,48011,1887
US,TX,48013,51153
US,TX,48015,30032
US,TX,48017,7000
US,TX,48019,23112
US,TX,48021,88723
US,TX,48023,3509
US,TX,48025,32565
US,TX,48027,362924
US,TX,48029,2003554
US,TX,48031,11931
US,TX,48033,654
US,TX,48035,18685
US,TX,48037,93245
US,TX,48039,374264
US,TX,48041,229211
US,TX,48043,9203
US,TX,48045,1546
US,TX,48047,7093
US,TX,48049,37864
US,TX,48051,18443
US,TX,48053,48155
US,TX,48055,43664
US,TX,48057,21290
US,TX,48059,13943
US,TX,48061,423163
US,TX,48063,13094
US,TX,48065,5926
US,TX,48067,30026
US,TX,48069,7530
US,TX,48071,43837
US,TX,48073,52646
US,TX,48075,7306
US,TX,48077,10471
US,TX,48079,2853
US,TX,48081,3387
US,TX,48083,8175
US,TX,48085,1034730
US,TX,48087,2920
US,TX,48089,21493
US,TX,48091,156209
US,TX,48093,13635
US,TX,48095,2726
US,TX,48097,41257
US,TX,48099,75951
US,TX,48101,1398
US,TX,48103,4797
US,TX,48105,3464
US,TX,48107,5737
US,TX,48109,2171
US,TX,48111,7287
US,TX,48113,2635516
US,TX,48115,12728
US,TX,48117,18546
US,TX,48119,5331
US,TX,48121,887207
US,TX,48123,20160
US,TX,48125,2211
US,TX,48127,10124
US,TX,48129,3278
US,TX,48131,11157
US,TX,48133,18360
US,TX,48135,166223
US,TX,48137,1932
US,TX,48139,184826
US,TX,48141,839238
US,TX,48143,42698
US,TX,48145,17297
US,TX,48147,35514
US,TX,48149,25346
US,TX,48151,3830
US,TX,48153,5712
US,TX,48155,1155
US,TX,48157,811688
US,TX,48159,10725
US,TX,48161,19717
US,TX,48163,20306
US,TX,48165,21492
US,TX,48167,342139
US,TX,48169,6229
US,TX,48171,26988
US,TX,48173,1409
US,TX,48175,7658
US,TX,48177,20837
US,TX,48179,21886
US,TX,48181,136212
US,TX,48183,123945
US,TX,48185,28880
US,TX,48187,166847
US,TX,48189,33406
US,TX,48191,2964
US,TX,48193,8461
US,TX,48195,5399
US,TX,48197,3933
US,TX,48199,57602
US,TX,48201,4713325
US,TX,48203,66553
US,TX,48205,5576
US,TX,48207,5658
US,TX,48209,230191
US,TX,48211,3819
US,TX,48213,82737
US,TX,48215,868707
US,TX,48217,36649
US,TX,48219,23021
US,TX,48221,61643
US,TX,48223,37084
US,TX,48225,22968
US,TX,48227,36664
US,TX,48229,4886
US,TX,48231,98594
US,TX,48233,20938
US,TX,48235,1536
US,TX,48237,8935
US,TX,48239,14760
US,TX,48241,35529
US,TX,48243,2274
US,TX,48245,251565
US,TX,48247,5200
US,TX,48249,40482
US,TX,48251,175817
US,TX,48253,20083
US,TX,48255,15601
US,TX,48257,136154
US,TX,48259,47431
US,TX,48261,404
US,TX,48263,762
US,TX,48265,52600
US,TX,48267,4337
US,TX,48269,272
US,TX,48271,3667
US,TX,48273,30680
US,TX,48275,3664
US,TX,48277,49859
US,TX,48279,12893
US,TX,48281,21428
US,TX,48283,7520
US,TX,48285,20154
US,TX,48287,17239
US,TX,48289,17404
US,TX,48291,88219
US,TX,48293,23437
US,TX,48295,3233
US,TX,48297,12207
US,TX,48299,21795
US,TX,48301,169
US,TX,48303,310569
US,TX,48305,5951
US,TX,48307,7984
US,TX,48309,256623
US,TX,48311,743
US,TX,48313,14284
US,TX,48315,9854
US,TX,48317,5771
US,TX,48319,4274
US,TX,48321,36643
US,TX,48323,58722
US,TX,48325,51584
US,TX,48327,2138
US,TX,48329,176832
US,TX,48331,24823
US,TX,48333,4873
US,TX,48335,8545
US,TX,48337,19818
US,TX,48339,607391
US,TX,48341,20940
US,TX,48343,12388
US,TX,48345,1200
US,TX,48347,65204
US,TX,48349,50113
US,TX,48351,13595
US,TX,48353,14714
US,TX,48355,362294
US,TX,48357,9836
US,TX,48359,2112
US,TX,48361,83396
US,TX,48363,29189
US,TX,48365,23194
US,TX,48367,142878
US,TX,48369,9605
US,TX,48371,15823
US,TX,48373,51353
US,TX,48375,117415
US,TX,48377,6704
US,TX,48379,12514
US,TX,48381,137713
US,TX,48383,3849
US,TX,48385,3452
US,TX,48387,12023
US,TX,48389,15976
US,TX,48391,6948
US,TX,48393,854
US,TX,48395,17074
US,TX,48397,104915
US,TX,48399,10264
US,TX,48401,54406
US,TX,48403,10542
US,TX,48405,8237
US,TX,48407,28859
US,TX,48409,66730
US,TX,48411,6055
US,TX,48413,2793
US,TX,48415,16703
US,TX,48417,3265
US,TX,48419,25274
US,TX,48421,3022
US,TX,48423,232751
US,TX,48425,9128
US,TX,48427,64633
US,TX,48429,9366
US,TX,48431,1291
US,TX,48433,1350
US,TX,48435,3776
US,TX,48437,7397
US,TX,48439,2102515
US,TX,48441,138034
US,TX,48443,776
US,TX,48445,12337
US,TX,48447,1501
US,TX,48449,32750
US,TX,48451,119200
US,TX,48453,1273954
US,TX,48455,14651
US,TX,48457,21672
US,TX,48459,41753
US,TX,48461,3657
US,TX,48463,26741
US,TX,48465,49025
US,TX,48467,56590
US,TX,48469,92084
US,TX,48471,72971
US,TX,48473,55246
US,TX,48475,11998
US,TX,48477,35882
US,TX,48479,276652
US,TX,48481,41556
US,TX,48483,5056
US,TX,48485,132230
US,TX,48487,12769
US,TX,48489,21358
US,TX,48491,590551
US,TX,48493,51070
US,TX,48495,8010
US,TX,48497,69984
US,TX,48499,45539
US,TX,48501,8713
US,TX,48503,18010
US,TX,48505,14179
US,TX,48507,11840
US,UT,00049,3205958
US,UT,49001,6710
US,UT,49003,56046
US,UT,49005,128289
US,UT,49007,20463
US,UT,49009,950
US,UT,49011,355481
US,UT,49013,19938
US,UT,49015,10012
US,UT,49017,5051
US,UT,49019,9754
US,UT,49021,54839
US,UT,49023,12017
US,UT,49025,7886
US,UT,49027,13188
US,UT,49029,12124
US,UT,49031,1479
US,UT,49033,2483
US,UT,49035,1160437
US,UT,49037,15308
US,UT,49039,30939
US,UT,49041,21620
US,UT,49043,42145
US,UT,49045,72259
US,UT,49047,35734
US,UT,49049,636235
US,UT,49051,34091
US,UT,49053,177556
US,UT,49055,2711
US,UT,49057,260213
US,VT,00050,623989
US,VT,50001,36777
US,VT,50003,35470
US,VT,50005,29993
US,VT,50007,163774
US,VT,50009,6163
US,VT,50011,49402
US,VT,50013,7235
US,VT,50015,25362
US,VT,50017,28892
US,VT,50019,27037
US,VT,50021,58191
US,VT,50023,58409
US,VT,50025,42222
US,VT,50027,55062
US,VA,00051,8535519
US,VA,51001,32316
US,VA,51003,109330
US,VA,51005,14860
US,VA,51007,13145
US,VA,51009,31605
US,VA,51011,15911
US,VA,51013,236842
US,VA,51015,75558
US,VA,51017,4147
US,VA,51019,78997
US,VA,51021,6280
US,VA,51023,33419
US,VA,51025,16231
US,VA,51027,21004
US,VA,51029,17148
US,VA,51031,54885
US,VA,51033,30725
US,VA,51035,29791
US,VA,51036,6963
US,VA,51037,11880
US,VA,51041,352802
US,VA,51043,14619
US,VA,51045,5131
US,VA,51047,52605
US,VA,51049,9932
US,VA,51051,14318
US,VA,51053,28544
US,VA,51057,10953
US,VA,51059,1147532
US,VA,51061,71222
US,VA,51063,15749
US,VA,51065,27270
US,VA,51067,56042
US,VA,51069,89313
US,VA,51071,16720
US,VA,51073,37348
US,VA,51075,23753
US,VA,51077,15550
US,VA,51079,19819
US,VA,51081,11336
US,VA,51083,33911
US,VA,51085,107766
US,VA,51087,330818
US,VA,51089,50557
US,VA,51091,2190
US,VA,51093,37109
US,VA,51095,76523
US,VA,51097,7025
US,VA,51099,26836
US,VA,51101,17148
US,VA,51103,10603
US,VA,51105,23423
US,VA,51107,413538
US,VA,51109,37591
US,VA,51111,12196
US,VA,51113,13261
US,VA,51115,8834
US,VA,51117,30587
US,VA,51119,10582
US,VA,51121,98535
US,VA,51125,14930
US,VA,51127,23091
US,VA,51131,11710
US,VA,51133,12095
US,VA,51135,15232
US,VA,51137,37051
US,VA,51139,23902
US,VA,51141,17608
US,VA,51143,60354
US,VA,51145,29652
US,VA,51147,22802
US,VA,51149,38353
US,VA,51153,470335
US,VA,51155,34027
US,VA,51157,7370
US,VA,51159,9023
US,VA,51161,94186
US,VA,51163,22573
US,VA,51165,81948
US,VA,51167,26586
US,VA,51169,21566
US,VA,51171,43616
US,VA,51173,30104
US,VA,51175,17631
US,VA,51177,136215
US,VA,51179,152882
US,VA,51181,6422
US,VA,51183,11159
US,VA,51185,40595
US,VA,51187,40164
US,VA,51191,53740
US,VA,51193,18015
US,VA,51195,37383
US,VA,51197,28684
US,VA,51199,68280
US,VA,51510,159428
US,VA,51520,16762
US,VA,51530,6478
US,VA,51540,47266
US,VA,51550,244835
US,VA,51570,17370
US,VA,51580,5538
US,VA,51590,40044
US,VA,51595,5346
US,VA,51600,24019
US,VA,51610,14617
US,VA,51620,7967
US,VA,51630,29036
US,VA,51640,6347
US,VA,51650,134510
US,VA,51660,53016
US,VA,51670,22529
US,VA,51678,7446
US,VA,51680,82168
US,VA,51683,41085
US,VA,51685,17478
US,VA,51690,12554
US,VA,51700,179225
US,VA,51710,242742
US,VA,51720,3981
US,VA,51730,31346
US,VA,51735,12271
US,VA,51740,94398
US,VA,51750,18249
US,VA,51760,230436
US,VA,51770,99143
US,VA,51775,25301
US,VA,51790,24932
US,VA,51800,92108
US,VA,51810,449974
US,VA,51820,22630
US,VA,51830,14954
US,VA,51840,28078
US,WA,00053,7614893
US,WA,53001,19983
US,WA,53003,22582
US,WA,53005,204390
US,WA,53007,77200
US,WA,53009,77331
US,WA,53011,488241
US,WA,53013,3985
US,WA,53015,110593
US,WA,53017,43429
US,WA,53019,7627
US,WA,53021,95222
US,WA,53023,2225
US,WA,53025,97733
US,WA,53027,75061
US,WA,53029,85141
US,WA,53031,32221
US,WA,53033,2252782
US,WA,53035,271473
US,WA,53037,47935
US,WA,53039,22425
US,WA,53041,80707
US,WA,53043,10939
US,WA,53045,66768
US,WA,53047,42243
US,WA,53049,22471
US,WA,53051,13724
US,WA,53053,904980
US,WA,53055,17582
US,WA,53057,129205
US,WA,53059,12083
US,WA,53061,822083
US,WA,53063,522798
US,WA,53065,45723
US,WA,53067,290536
US,WA,53069,4488
US,WA,53071,60760
US,WA,53073,229247
US,WA,53075,50104
US,WA,53077,250873
US,WV,00054,1792147
US,WV,54001,16441
US,WV,54003,119171
US,WV,54005,21457
US,WV,54007,13957
US,WV,54009,21939
US,WV,54011,91945
US,WV,54013,7109
US,WV,54015,8508
US,WV,54017,8448
US,WV,54019,42406
US,WV,54021,7823
US,WV,54023,11568
US,WV,54025,34662
US,WV,54027,23175
US,WV,54029,28810
US,WV,54031,13776
US,WV,54033,67256
US,WV,54035,28576
US,WV,54037,57146
US,WV,54039,178124
US,WV,54041,15907
US,WV,54043,20409
US,WV,54045,32019
US,WV,54047,17624
US,WV,54049,56072
US,WV,54051,30531
US,WV,54053,26516
US,WV,54055,58758
US,WV,54057,26868
US,WV,54059,23424
US,WV,54061,105612
US,WV,54063,13275
US,WV,54065,17884
US,WV,54067,24496
US,WV,54069,41411
US,WV,54071,6969
US,WV,54073,7460
US,WV,54075,8247
US,WV,54077,33432
US,WV,54079,56450
US,WV,54081,73361
US,WV,54083,28695
US,WV,54085,9554
US,WV,54087,13688
US,WV,54089,12573
US,WV,54091,16695
US,WV,54093,6839
US,WV,54095,8591
US,WV,54097,24176
US,WV,54099,39402
US,WV,54101,8114
US,WV,54103,15065
US,WV,54105,5821
US,WV,54107,83518
US,WV,54109,20394
US,WI,00055,5822434
US,WI,55001,20220
US,WI,55003,15562
US,WI,55005,45244
US,WI,55007,15036
US,WI,55009,264542
US,WI,55011,13031
US,WI,55013,15414
US,WI,55015,50089
US,WI,55017,64658
US,WI,55019,34774
US,WI,55021,57532
US,WI,55023,16131
US,WI,55025,546695
US,WI,55027,87839
US,WI,55029,27668
US,WI,55031,43150
US,WI,55033,45368
US,WI,55035,104646
US,WI,55037,4295
US,WI,55039,103403
US,WI,55041,9004
US,WI,55043,51439
US,WI,55045,36960
US,WI,55047,18913
US,WI,55049,23678
US,WI,55051,5687
US,WI,55053,20643
US,WI,55055,84769
US,WI,55057,26687
US,WI,55059,169561
US,WI,55061,20434
US,WI,55063,118016
US,WI,55065,16665
US,WI,55067,19189
US,WI,55069,27593
US,WI,55071,78981
US,WI,55073,135692
US,WI,55075,40350
US,WI,55077,15574
US,WI,55078,4556
US,WI,55079,945726
US,WI,55081,46253
US,WI,55083,37930
US,WI,55085,35595
US,WI,55087,187885
US,WI,55089,89221
US,WI,55091,7287
US,WI,55093,42754
US,WI,55095,43783
US,WI,55097,70772
US,WI,55099,13351
US,WI,55101,196311
US,WI,55103,17252
US,WI,55105,163354
US,WI,55107,14178
US,WI,55109,90687
US,WI,55111,64442
US,WI,55113,16558
US,WI,55115,40899
US,WI,55117,115340
US,WI,55119,20343
US,WI,55121,29649
US,WI,55123,30822
US,WI,55125,22195
US,WI,55127,103868
US,WI,55129,15720
US,WI,55131,136034
US,WI,55133,404198
US,WI,55135,50990
US,WI,55137,24443
US,WI,55139,171907
US,WI,55141,72999
US,WY,00056,578759
US,WY,56001,38880
US,WY,56003,11790
US,WY,56005,46341
US,WY,56007,14800
US,WY,56009,13822
US,WY,56011,7584
US,WY,56013,39261
US,WY,56015,13211
US,WY,56017,4413
US,WY,56019,8445
US,WY,56021,99500
US,WY,56023,19830
US,WY,56025,79858
US,WY,56027,2356
US,WY,56029,29194
US,WY,56031,8393
US,WY,56033,30485
US,WY,56035,9831
US,WY,56037,42343
US,WY,56039,23464
US,WY,56041,20226
US,WY,56043,7805
US,WY,56045,6927
US,US,USDC1,5613442
